{
  "project_info": {
    "project_number": "392372490958",
    "project_id": "secondlifetesting-12a3f",
    "storage_bucket": "secondlifetesting-12a3f.appspot.com"
  },
  "client": [
    {
      "client_info": {
        "mobilesdk_app_id": "1:392372490958:android:02bacca55a4fac05f4b69f",
        "android_client_info": {
          "package_name": "com.example.secondlifetesting"
        }
      },
      "oauth_client": [
        {
          "client_id": "392372490958-vu695a8f9piiik5e3t7v1g2csubd458n.apps.googleusercontent.com",
          "client_type": 3
        }
      ],
      "api_key": [
        {
          "current_key": "AIzaSyCtlOmH8gbPrqbl7_Fb9yc28bepleQfyvM"
        }
      ],
      "services": {
        "appinvite_service": {
          "other_platform_oauth_client": [
            {
              "client_id": "392372490958-vu695a8f9piiik5e3t7v1g2csubd458n.apps.googleusercontent.com",
              "client_type": 3
            }
          ]
        }
      }
    }
  ],
  "configuration_version": "1"
}